,Latitude,Longitude,Total Capacity (MW),Annual,,First Yr Annual (MWh)
524,43.99,-78.35,0.005,4.16,,6.95
2261,45.88,-66,0.005,4.21,,6.75
90,49.88,-96.63,0.005,4.62,,6.71
2712,49.2,-98.89,0.005,4.86,,6.96
3409,50.89,-114.08,0.005,4.81,,6.65
2286,52.08,-101.03,0.005,4.62,,6.35
1929,49.05,-76.98,0.005,4.26,,6.23
3725,45.36,-63.27,0.005,4,,6.51
1329,45.78,-65.16,0.005,3.8,,6.65
2979,49.41,-123.65,0.005,3.65,,5.82
15,50.74,-103.41,0.005,4.89,,6.76
1858,49.38,-102.75,0.005,5.02,,7.04
855,45.43,-63.45,0.005,4.03,,6.43
77,42.11,-83.04,0.005,4.43,,7.06
3481,45.09,-74.79,0.005,4.36,,6.89
3618,49.78,-112.15,0.005,4.93,,6.88
204,44.18,-76.77,0.005,4.18,,6.97
2348,50.14,-101.67,0.005,4.9,,6.81
1112,50.4,-105.5,0.005,4.34,,6.65
131,46.18,-79.27,0.005,4.24,,6.86
1782,50.83,-108.03,0.005,4.95,,6.51
3064,46.63,-70.96,0.005,4.15,,6.48
1582,50.08,-92.17,0.005,4.45,,6.48
1133,45.76,-64.18,0.005,4.21,,6.48
3895,52.12,-104.51,0.005,4.79,,6.5
681,56.25,-120.9,0.005,4.33,,5.92
1701,44.03,-65.84,0.005,4.38,,6.57
2152,49.83,-101.52,0.005,4.95,,6.91
3550,50.59,-107.8,0.005,4.95,,6.56
1612,50.94,-101.25,0.005,4.8,,6.62
774,49.95,-102.97,0.005,4.97,,7
3411,48.38,-123.73,0.005,3.85,,6.3
3516,53.83,-94.84,0.005,4.32,,5.91
3815,42.68,-80.79,0.005,4.2,,6.7
3476,49.67,-97.11,0.005,4.67,,6.74
2431,47.68,-79.43,0.005,4.27,,6.5
1932,53.94,-113.59,0.005,4.5,,5.9
4012,49.61,-117.56,0.005,4.06,,6.08
3119,46.56,-71.83,0.005,4.2,,6.69
2096,51.1,-96.3,0.005,4.53,,6.87
1302,43.79,-65.88,0.005,4.71,,6.69
2080,42.2,-82.88,0.005,4.41,,7.04
1472,49.29,-121.78,0.005,3.58,,5.69
2923,46,-67.51,0.005,4.13,,6.67
2370,44.41,-81.23,0.005,4.19,,6.56
3872,44.49,-80.01,0.005,4.2,,6.85
216,43.55,-81.69,0.005,4.22,,6.85
3644,47.02,-79.97,0.005,4.28,,6.83
1314,54.55,-94.47,0.005,4.27,,6.11
227,45.45,-79.58,0.005,3.8,,6.98
3057,46.46,-73.13,0.005,4.32,,6.77
1876,42.74,-80.57,0.005,4.19,,6.6
3384,51.45,-105.44,0.005,4.92,,6.38
3259,45.62,-60.77,0.005,4,,6.26
703,46.22,-63.26,0.005,3.97,,6.32
2645,45.4,-64.32,0.005,4.08,,6.61
682,45.67,-63.98,0.005,4.24,,6.54
428,45.25,-63.27,0.005,3.99,,6.52
361,48.05,-65.48,0.005,4.23,,6.3
3224,46.68,-70.45,0.005,4.09,,6.5
4009,50.03,-119.4,0.005,4.46,,6.45
3660,46.26,-83.55,0.005,4.27,,6.32
2607,43.9,-78.85,0.005,4.26,,6.86
3971,49.95,-95.97,0.005,4.61,,6.75
1954,45.08,-75.18,0.005,4.99,,6.86
2406,44.78,-63.14,0.005,3.89,,6.55
4083,49.98,-126.84,0.005,3.31,,5.36
3973,46.96,-65.73,0.005,4.31,,6.64
2675,48.78,-123.28,0.005,3.96,,6.5
3602,44.76,-79.9,0.005,3.43,,6.89
3206,46.68,-72.05,0.005,4.22,,6.61
3263,51.04,-102.16,0.005,4.82,,6.6
2960,45.74,-64.74,0.005,4.11,,6.6
3835,47.63,-52.94,0.005,3.44,,6.04
3923,45.08,-64.75,0.005,4.15,,6.47
194,47.15,-65.24,0.005,4.26,,6.65
2586,53.63,-113.36,0.005,4.14,,6.13
3143,46.85,-71.13,0.005,4.15,,6.58
29,49.26,-102.28,0.005,5.02,,6.97
1646,49.38,-115.3,0.005,4.51,,6.38
507,46.24,-61.24,0.005,4.23,,5.89
2985,50.38,-101.69,0.005,4.89,,6.94
2381,43.37,-81.27,0.005,4.18,,6.74
813,44.73,-76.6,0.005,4.57,,6.95
2509,46.31,-79.45,0.005,4.25,,6.76
1039,45.01,-75.23,0.005,4.6,,6.77
1331,43.49,-81.63,0.005,3.8,,6.59
3255,50.7,-119.26,0.005,4.1,,5.92
2301,55.6,-104.78,0.005,4.4,,6.28
2887,46.05,-73.71,0.005,4.34,,6.91
3860,53.17,-114.32,0.005,4.46,,6.05
3736,45.96,-64.88,0.005,4.15,,6.69
2419,42.8,-80.07,0.005,4.2,,6.82
3240,45.93,-70.48,0.005,4.15,,6.45
44,50.58,-126.92,0.005,3.45,,5.35
281,52.46,-114.05,0.005,4.56,,6.11
3810,43.99,-77.86,0.005,4.58,,6.97
3221,45.98,-73.45,0.005,4.21,,6.73
1862,52.19,-108.45,0.005,4.86,,6.49
3361,45.4,-71.9,0.005,3.79,,6.59
3386,50.47,-103.44,0.005,4.93,,6.64
3992,45.33,-65.81,0.005,4.11,,6.67
420,49.54,-113.74,0.005,4.7,,7.14
3650,48.8,-87.1,0.005,4.23,,6.8
2955,46.99,-53.48,0.005,3.36,,5.54
1598,43.28,-81.48,0.005,4.21,,6.61
4061,46.26,-72.83,0.005,4.32,,6.64
4054,44.65,-79.92,0.005,4.19,,6.9
158,49.19,-95.95,0.005,3.49,,6.97
2867,45.72,-61.35,0.005,4.23,,6.1
3752,45.84,-66.24,0.005,4.19,,6.81
555,53.6,-113.52,0.005,4.19,,6.14
1221,45.04,-76.05,0.005,4.4,,6.91
1542,46.25,-83.89,0.005,4.27,,6.76
2003,45.03,-74.89,0.005,4.36,,6.86
3599,47.87,-53.91,0.005,3.43,,5.68
1304,46.98,-65.37,0.005,4.71,,6.72
3802,46.21,-63.49,0.005,3.99,,5.98
1157,47.7,-52.73,0.005,3.42,,5.83
1107,45.78,-77.13,0.005,4.34,,6.81
175,50.25,-97.31,0.005,4.65,,6.61
3122,46.95,-69.93,0.005,4.17,,6.62
2405,53.4,-91.76,0.005,4.26,,6.19
2343,51.25,-80.6,0.005,4.19,,6.29
741,45.91,-65.78,0.005,4.23,,6.73
991,44.07,-65.77,0.005,3.96,,6.64
1549,53.23,-112.23,0.005,4.64,,6.12
203,46.51,-67.59,0.005,4.18,,6.35
1197,60,-111.88,0.005,4.13,,6.03
3744,46.57,-63.92,0.005,4.12,,6.59
2163,45.54,-75.41,0.005,4.37,,6.82
826,46.03,-65.86,0.005,4.23,,6.72
3012,50.75,-112.08,0.005,4.93,,6.51
1903,50.88,-99.56,0.005,4.76,,6.78
446,45.68,-76.61,0.005,4.4,,6.78
2902,50.07,-110.78,0.005,4.98,,6.74
893,53.36,-113.72,0.005,4.53,,6.17
736,49.63,-114.5,0.005,4.56,,6.51
859,46.05,-77.41,0.005,4.36,,6.77
2337,46.11,-74.6,0.005,4.37,,6.81
3170,47.56,-70.4,0.005,4.12,,6.49
3155,46.16,-73.43,0.005,4.33,,6.8
13,50.65,-120.36,0.005,4.89,,6.46
1142,44.97,-81.28,0.005,3.84,,6.6
4052,49.51,-112.17,0.005,4.9,,6.98
3265,48.67,-53.66,0.005,3.45,,5.85
2661,51.3,-97.56,0.005,4.57,,6.5
1282,55.75,-117.33,0.005,4.35,,5.79
2439,52.45,-106.46,0.005,4.87,,6.32
3393,49.89,-124.6,0.005,3.71,,5.95
3929,45.82,-82.16,0.005,4.29,,6.99
328,45.05,-66.78,0.005,4.1,,6.61
3680,50.45,-111.65,0.005,4.95,,6.62
2673,46.17,-67.52,0.005,4.39,,6.53
1888,48.57,-89.35,0.005,4.47,,6.82
3956,43.93,-78.95,0.005,4.26,,6.85
881,42.92,-81.09,0.005,4.61,,6.8
3345,49.65,-108.41,0.005,4.96,,6.83
448,51.7,-102.75,0.005,4.74,,6.47
3472,53.91,-110.25,0.005,4.58,,6.06
843,51.14,-100.04,0.005,4.76,,6.69
997,48.66,-53.76,0.005,3.48,,5.49
2416,45.9,-74.93,0.005,4.35,,7
2447,48.01,-65.33,0.005,4.21,,6.49
2988,52.45,-112.87,0.005,4.69,,6.19
1370,50.14,-94,0.005,4.51,,6.73
2236,47.43,-53.2,0.005,3.47,,5.76
162,48.71,-67.85,0.005,4.17,,6.52
2010,56.53,-115.39,0.005,4.31,,5.96
1061,50.17,-112.42,0.005,4.92,,6.85
3747,42.03,-82.67,0.005,4.21,,6.88
515,51.08,-115.36,0.005,4.49,,6.14
3710,46.74,-53.36,0.005,3.36,,5.68
2717,44.14,-78.86,0.005,4.1,,6.96
2575,49.35,-119.56,0.005,4.14,,6.69
111,47.71,-79.82,0.005,4.12,,6.41
1346,49.03,-118.43,0.005,4.08,,6.56
3969,60.69,-135.08,0.005,3.51,,4.96
49,45.55,-74.88,0.005,4.36,,6.76
1521,50.1,-125.21,0.005,3.61,,5.93
1849,49.86,-119.53,0.005,4.14,,6.5
658,46.17,-65.87,0.005,4.56,,6.59
2766,49.74,-107.48,0.005,4.99,,6.94
325,52.37,-113.79,0.005,4.61,,6.29
1859,45.65,-61.94,0.005,4.41,,6.15
2616,51.48,-107.05,0.005,4.95,,6.43
993,44.61,-63.47,0.005,3.91,,6.66
1664,45.33,-71.75,0.005,4.16,,6.48
253,43.55,-81.3,0.005,4.18,,6.7
1878,46.4,-74.86,0.005,4.36,,6.8
3118,45.23,-73.51,0.005,4.2,,6.76
1649,51.78,-104.71,0.005,4.85,,6.47
2820,50.03,-66.86,0.005,4.08,,6.17
789,49.11,-58.08,0.005,3.43,,5.4
2504,49.07,-55.23,0.005,3.49,,5.57
3859,50.25,-101.97,0.005,4.9,,6.65
913,49.48,-121.41,0.005,3.68,,5.68
2998,51.23,-113.14,0.005,4.82,,6.52
3049,48.41,-71.06,0.005,4.18,,6.42
2269,47.85,-59.34,0.005,4.16,,5.27
1068,47.82,-79.87,0.005,4.28,,6.59
780,42.12,-82.74,0.005,4.41,,6.88
1163,54.76,-101.86,0.005,4.31,,6.19
186,49.76,-112.26,0.005,4.92,,7.08
727,55.12,-101.11,0.005,4.53,,6.3
3659,51.42,-102.92,0.005,4.78,,6.75
3717,45.98,-79.36,0.005,4.22,,6.81
3926,55.15,-119.14,0.005,4.31,,5.69
225,43.09,-80.82,0.005,4.17,,6.84
476,47.91,-69.5,0.005,4.16,,6.48
3363,55.12,-101.08,0.005,4.25,,6.3
3624,44.48,-76.99,0.005,4.37,,7.02
2321,50.64,-119.95,0.005,4.19,,6.35
852,58.43,-130.02,0.005,3.45,,5.09
3172,47.7,-69.13,0.005,4.1,,6.46
2594,49.28,-117.62,0.005,4.08,,6.37
444,43.74,-81.25,0.005,4.16,,6.65
1543,56.24,-118.6,0.005,4.34,,5.69
248,45.42,-66.14,0.005,3.94,,6.64
1850,45.1,-64.6,0.005,4.18,,6.35
2158,49.63,-115.95,0.005,4.36,,6.62
3797,50.26,-119.27,0.005,4.13,,6.22
862,45.05,-78.08,0.005,3.47,,6.96
2141,49.28,-126.05,0.005,3.43,,5.58
2167,49.75,-77.63,0.005,4.21,,6.39
742,51.7,-109.24,0.005,4.9,,6.44
1986,53.27,-109.98,0.005,4.67,,6.11
160,46.01,-64.1,0.005,4.12,,6.54
353,43.73,-81.42,0.005,4.17,,6.49
667,50.1,-107.64,0.005,4.79,,6.65
3080,48.46,-71.65,0.005,4.19,,6.25
3676,45.6,-75.25,0.005,4.37,,6.78
2174,45.87,-66.44,0.005,4.19,,6.74
2704,44,-77.14,0.005,4.35,,7.16
3989,44.37,-80.86,0.005,4.13,,6.62
3178,47.55,-65.04,0.005,4.22,,6.6
3572,43.37,-80.97,0.005,4.17,,6.76
3038,45.25,-75.35,0.005,4.82,,6.85
2309,52.87,-103.36,0.005,4.62,,6.44
3882,51.83,-99.54,0.005,4.66,,6.52
2168,48.85,-67.53,0.005,4.18,,6.16
2623,51.35,-110.48,0.005,4.92,,6.66
3801,47.77,-53.23,0.005,3.99,,5.53
3228,46.5,-72.2,0.005,4.24,,6.84
3664,55.74,-97.85,0.005,4.24,,5.96
637,46.88,-65.64,0.005,4.28,,6.63
895,51.65,-114.13,0.005,4.65,,6.46
1161,50.13,-56.15,0.005,3.46,,5.78
2873,45.52,-76.23,0.005,4.4,,6.81
1033,50.02,-114.92,0.005,4.52,,6.08
650,45.1,-75.23,0.005,4.37,,6.86
1414,49.25,-65.54,0.005,4.13,,6.3
671,53.53,-105.78,0.005,4.71,,6.15
1648,55.14,-108.1,0.005,4.52,,5.92
2349,51.27,-80.64,0.005,4.19,,6.39
1967,49.45,-123.23,0.005,3.51,,5.65
2787,42.91,-79.19,0.005,4.21,,6.71
2525,44.73,-77.15,0.005,4.36,,6.97
2559,42.14,-82.59,0.005,4.18,,7.02
3380,53.63,-114.65,0.005,4.42,,6.12
1752,42.1,-82.72,0.005,4.42,,6.9
663,53.75,-107.72,0.005,4.7,,6.13
309,52.06,-107.97,0.005,4.89,,6.44
1553,44.39,-80.79,0.005,4.11,,6.8
2279,45.73,-82.16,0.005,4.29,,6.98
1625,44.46,-81.14,0.005,4.75,,6.54
1431,42.96,-80.05,0.005,4.2,,6.85
3507,46.91,-53.53,0.005,3.37,,5.59
3297,48.56,-67.68,0.005,4.14,,6.3
3578,52.81,-112.06,0.005,4.69,,6.17
2600,45.47,-75.52,0.005,4.38,,6.79
1618,43.2,-80.69,0.005,4.17,,6.78
1985,43.84,-79.08,0.005,3.93,,7.02
1817,45.21,-72.51,0.005,4.18,,6.43
497,45.2,-64.09,0.005,4.17,,6.59
3222,46.73,-70.36,0.005,4.08,,6.46
1215,44.24,-77.43,0.005,4.37,,7
1382,45.25,-74.59,0.005,4.36,,6.85
3477,47.87,-55.84,0.005,3.34,,5.91
2862,45.31,-77.37,0.005,4.37,,6.84
2018,44.23,-81.6,0.005,4.24,,6.8
2021,46.61,-71.93,0.005,4.21,,6.72
1031,47.73,-80.33,0.005,4.28,,6.55
1131,54.54,-114.09,0.005,4.42,,5.84
2368,46.05,-66.5,0.005,4.19,,6.83
394,49.84,-99.95,0.005,4.9,,6.83
2802,42.65,-82.5,0.005,4.38,,7.08
3378,51.36,-100.14,0.005,4.73,,6.58
3223,46.41,-73.03,0.005,4.31,,6.68
1177,52.58,-112.06,0.005,4.72,,6.17
1471,51.73,-107.58,0.005,4.93,,6.46
3564,49.38,-101.6,0.005,4.99,,6.95
3760,44.14,-79.18,0.005,4.25,,6.77
3611,54.71,-115.4,0.005,4.3,,5.9
313,46.06,-81.77,0.005,4.14,,7.07
2508,47.8,-58.32,0.005,4.25,,5.54
289,45.04,-64.73,0.005,4.2,,6.53
354,44.54,-78.55,0.005,4.3,,6.95
769,49.28,-122.79,0.005,3.56,,5.54
3181,47.43,-68.38,0.005,4.37,,6.46
3999,45.01,-64.74,0.005,4.45,,6.44
2906,51.01,-57.01,0.005,3.43,,5.51
3339,50.72,-122.21,0.005,4.11,,6.43
3114,46.6,-70.86,0.005,4.14,,6.47
247,44.72,-63.66,0.005,3.94,,6.64
863,52.63,-94.07,0.005,3.47,,6.52
2424,49.32,-100.84,0.005,5,,6.79
1299,54.25,-111.16,0.005,4.52,,5.91
3987,46.33,-66.78,0.005,4.36,,6.72
615,49.78,-74.85,0.005,4.18,,6.12
1010,43.57,-80.14,0.005,4.17,,6.83
3491,43.24,-80.25,0.005,4.11,,6.83
3626,44.8,-62.69,0.005,3.83,,6.68
4042,46.15,-67.59,0.005,4.19,,6.59
1035,49.3,-115.11,0.005,4.49,,6.12
260,52.38,-126.75,0.005,3.33,,5.09
1357,46.29,-64.56,0.005,4.19,,6.5
2104,45.68,-67.03,0.005,4.16,,6.78
2698,49.98,-109.11,0.005,4.96,,6.65
1046,44.22,-76.62,0.005,4.14,,6.93
719,51.2,-114.46,0.005,4.63,,6.62
261,42.29,-82.7,0.005,4.41,,7.2
1773,55.1,-128.06,0.005,3.39,,4.99
3510,45.42,-62.57,0.005,3.38,,6.3
2351,49.19,-98.1,0.005,4.8,,6.88
2987,54.37,-113.46,0.005,4.47,,5.92
1863,49.67,-96.82,0.005,4.65,,6.77
133,44.63,-75.94,0.005,4.37,,6.95
1096,48.24,-79.13,0.005,4.25,,6.6
72,50.59,-98.73,0.005,4.74,,6.8
992,49.51,-108.81,0.005,4.98,,7.01
2235,49.39,-103.41,0.005,5.03,,7.05
1224,54.06,-124.84,0.005,3.72,,5.77
1670,46.55,-67.22,0.005,4.15,,6.61
2341,43.76,-80.74,0.005,4.14,,6.62
3391,55.28,-114.77,0.005,4.37,,5.85
3695,44.74,-75.99,0.005,4.38,,6.84
3332,48.38,-77.23,0.005,4.22,,6.37
3271,50.55,-98.64,0.005,4.74,,6.49
1709,46.43,-63.63,0.005,4.09,,6.34
2359,44.89,-75.18,0.005,4.36,,6.73
4018,51.31,-107.65,0.005,4.95,,6.46
3157,47.73,-69.99,0.005,4.15,,6.6
2933,45.66,-72.15,0.005,3.75,,6.48
1443,50.18,-100.59,0.005,4.9,,6.93
3884,44.32,-64.68,0.005,4.16,,6.6
2605,45.38,-79.77,0.005,4.18,,6.78
1125,45.28,-72.98,0.005,4.26,,6.65
546,44.79,-75.38,0.005,4.36,,6.83
3485,46.92,-54.17,0.005,3.42,,5.61
674,43.65,-80.05,0.005,4.09,,6.79
1964,52.06,-103.24,0.005,4.71,,6.37
3683,44.66,-63.74,0.005,3.93,,6.67
2331,47.24,-84.64,0.005,4.13,,6.59
2227,50.11,-120.78,0.005,4.16,,6.83
3890,46.26,-67.58,0.005,4.19,,6.49
2722,51.62,-56.71,0.005,3.48,,5.47
2587,53.54,-113.52,0.005,4.14,,6.33
1172,49.47,-111.44,0.005,4.96,,6.95
1194,50.8,-103.81,0.005,4.9,,6.61
1997,49.84,-98.47,0.005,4.78,,6.8
68,49.1,-97.55,0.005,4.77,,6.73
3305,50.33,-110.1,0.005,4.97,,6.92
3925,45.45,-66.34,0.005,4.15,,6.76
411,50.83,-116.26,0.005,4.4,,6.28
188,54.12,-114.4,0.005,4.43,,5.86
1483,45.73,-67,0.005,4.17,,6.74
3570,46.21,-63.08,0.005,4.17,,6.08
1922,49.48,-55.42,0.005,3.52,,5.75
1949,47.08,-55.21,0.005,3.4,,5.68
3979,46.49,-67.59,0.005,4.18,,6.39
947,47.03,-67.68,0.005,4.16,,6.46
1149,49.19,-105.73,0.005,5.03,,6.7
36,48.31,-67.36,0.005,4.71,,6.26
3039,45.3,-75.31,0.005,4.82,,6.93
1657,45.69,-64.44,0.005,4.09,,6.42
3995,54.06,-122.46,0.005,3.84,,5.88
1028,49.06,-122.81,0.005,4.95,,6.12
283,52.36,-97.02,0.005,4.51,,6.38
2844,53.21,-105.71,0.005,4.75,,6.2
1410,43.18,-79.57,0.005,4.22,,6.96
2959,50.03,-100.23,0.005,4.91,,6.87
3527,45.01,-71.79,0.005,4.13,,6.35
921,55.72,-117.1,0.005,4.35,,5.75
1278,49.68,-124.48,0.005,3.76,,6.09
3512,45.65,-60.87,0.005,3.78,,6.33
1106,44.65,-63.64,0.005,4.34,,6.58
2632,45.61,-75.01,0.005,4.36,,6.86
2742,50.38,-99.08,0.005,4.78,,6.89
759,51.52,-107.24,0.005,4.95,,6.47
832,49.55,-99.08,0.005,4.85,,6.9
2165,47.93,-80.64,0.005,4.27,,6.55
750,45.36,-77.62,0.005,4.36,,6.98
1791,45.95,-70.93,0.005,4.16,,6.54
1780,58.1,-68.4,0.005,3.77,,4.6
2045,49.58,-114.16,0.005,4.63,,6.97
2859,45.85,-63.66,0.005,4.08,,6.62
1220,44.2,-77.59,0.005,4.36,,7.07
3537,44.39,-80.07,0.005,4.2,,6.8
1572,52.33,-121.41,0.005,4.07,,5.95
2544,47.6,-79.48,0.005,4.29,,6.6
404,42.81,-82.28,0.005,4.34,,6.94
1714,49.98,-100.61,0.005,4.93,,6.99
835,45.56,-63,0.005,4.24,,6.4
2194,50.51,-104.06,0.005,4.92,,6.78
3123,48.9,-67.33,0.005,4.17,,6.33
3885,45.35,-72.51,0.005,4.16,,6.53
472,53.94,-113.89,0.005,4.48,,6.02
1387,46.47,-67.68,0.005,3.95,,6.43
1867,49.78,-124.35,0.005,3.69,,5.78
102,44.72,-76.92,0.005,4.37,,6.97
3088,45.1,-73.76,0.005,4.36,,6.69
1280,54.99,-129.95,0.005,2.98,,4.48
2814,42.62,-80.45,0.005,4.2,,6.68
712,45.62,-76.88,0.005,4.4,,6.83
3967,54.14,-115.68,0.005,4.35,,6.07
2953,46.58,-80.18,0.005,4.29,,6.79
1180,42.69,-80.38,0.005,4.11,,6.63
3175,45.61,-72.95,0.005,4.3,,6.63
3746,56.53,-76.55,0.005,3.92,,4.84
2755,48.07,-66.54,0.005,4.23,,6.26
491,51.04,-114.05,0.005,4.72,,6.88
3738,43.85,-65.97,0.005,4,,6.66
169,50.8,-103.54,0.005,4.89,,6.68
3257,46.19,-65.97,0.005,4.23,,6.81
1267,46.18,-62.53,0.005,4.2,,6.1
1055,46.45,-65.12,0.005,4.76,,6.67
265,47.52,-55.41,0.005,3.33,,5.81
1468,48.85,-54.03,0.005,3.5,,5.63
2116,45.39,-74.16,0.005,3.55,,7.02
1645,47.91,-66,0.005,4.27,,6.58
1635,47.36,-68.26,0.005,4.36,,6.51
3139,45.25,-73.8,0.005,4.36,,6.77
2799,44.02,-78.38,0.005,4.31,,7.02
677,49.11,-68.4,0.005,4.16,,6.33
2313,50.19,-66.08,0.005,4.09,,6.28
1672,48.4,-89.61,0.005,4.48,,6.83
3192,45.78,-74,0.005,4.32,,6.89
581,42.95,-79.85,0.005,4.2,,6.87
356,46.45,-66.41,0.005,4.2,,6.63
3957,44,-79.31,0.005,4.23,,6.87
1219,50.1,-103.86,0.005,4.99,,6.85
2328,46.98,-70.55,0.005,4.15,,6.5
2250,44.75,-79.88,0.005,4.19,,6.89
2697,44.51,-79.84,0.005,4.2,,6.83
2763,47.66,-64.87,0.005,4.22,,6.57
3073,51.21,-58.65,0.005,3.44,,5.58
1520,50.42,-107.22,0.005,4.96,,6.67
3552,45.73,-60.43,0.005,4.87,,6.13
2741,51.07,-56.88,0.005,3.43,,5.67
233,49.03,-79.23,0.005,4.22,,6.42
4040,49.96,-55.89,0.005,4.19,,5.67
409,43.03,-82.25,0.005,4.32,,7.13
2473,44.05,-79.45,0.005,4.23,,6.95
331,45.66,-73.88,0.005,4.36,,6.9
2617,44.56,-80.93,0.005,4.16,,6.76
3161,48.41,-68.16,0.005,4.11,,6.24
751,47.84,-53.98,0.005,3.43,,5.66
1832,49.7,-106.57,0.005,4.99,,6.71
3702,49.14,-103.48,0.005,5.06,,7.03
1286,53.35,-108.35,0.005,4.73,,6.01
4074,53.6,-113.42,0.005,4.2,,6.13
2692,45.93,-65.16,0.005,4.19,,6.64
2237,49.7,-56.11,0.005,3.47,,5.59
3377,47.21,-67.98,0.005,4.17,,6.57
1485,44.64,-64.85,0.005,4.34,,6.7
3245,46.15,-70.9,0.005,4.16,,6.62
3708,45.61,-62.63,0.005,3.96,,6.57
1064,44.94,-63.53,0.005,3.97,,6.57
2809,49.28,-122.82,0.005,3.58,,5.51
504,44.3,-77.79,0.005,4.36,,7.13
1246,52.51,-111.93,0.005,4.73,,6.14
3871,49.78,-115.73,0.005,4.48,,6.72
483,51.15,-101.74,0.005,4.8,,6.49
3689,44.26,-81.54,0.005,4.18,,6.4
3910,46.1,-64.81,0.005,4.74,,6.56
2106,53.34,-111.17,0.005,4.65,,6.11
707,49.74,-112.92,0.005,4.85,,7.06
337,46.18,-82.96,0.005,4.3,,6.71
4080,44.39,-78.4,0.005,4.9,,6.95
1169,59.31,-107.2,0.005,4.17,,5.3
3705,46.02,-73.14,0.005,4.17,,6.93
1318,49.78,-126.04,0.005,3.46,,5.73
2920,50.99,-118.19,0.005,3.99,,5.71
4062,46,-72.91,0.005,4.32,,6.82
315,52.39,-101.1,0.005,4.56,,6.6
1597,43.62,-81.28,0.005,4.16,,6.63
2819,49.97,-98.29,0.005,4.75,,6.88
1573,44.55,-79.67,0.005,4.19,,6.98
767,44.19,-79.7,0.005,4.23,,6.8
897,46.07,-64.68,0.005,4.18,,6.62
2000,44.5,-76.11,0.005,4.2,,6.99
2759,47.39,-61.79,0.005,3.86,,6.09
2265,44.15,-78.44,0.005,4.3,,6.94
2203,44.6,-80.59,0.005,4.18,,6.79
3052,45.81,-71.71,0.005,4.13,,6.36
3337,55.35,-118.78,0.005,4.32,,5.64
3004,47.91,-79.24,0.005,4.27,,6.64
3068,47.76,-69.48,0.005,4.14,,6.29
3576,42.96,-81.61,0.005,4.25,,6.82
2822,48.42,-53.81,0.005,4.38,,5.72
2126,45.61,-71.58,0.005,4.13,,6.42
3988,43.4,-80.49,0.005,4.36,,6.97
3218,47.53,-69.8,0.005,4.18,,6.42
973,45.61,-62.81,0.005,4.13,,6.45
1534,45.92,-64.64,0.005,4.14,,6.57
1108,43.17,-80.28,0.005,4.34,,6.86
1153,51.08,-97.62,0.005,4.6,,6.58
2323,45.65,-74.93,0.005,4.36,,6.98
2611,44.62,-63.73,0.005,4.35,,6.6
229,54.5,-122.66,0.005,3.8,,5.77
3148,46.81,-72.5,0.005,4.26,,6.63
1022,44.5,-79.01,0.005,4,,6.94
2315,45.6,-61.61,0.005,3.8,,6.19
1460,45.06,-64.18,0.005,4.07,,6.65
1938,47.48,-70.31,0.005,4.15,,6.56
693,48.91,-79.16,0.005,4.19,,6.72
431,43.95,-78.95,0.005,4.26,,6.97
649,45.96,-71.81,0.005,4.37,,6.3
1779,67.82,-115.09,0.005,3.67,,4.84
998,51.22,-109.38,0.005,4.94,,6.57
856,55.22,-118.02,0.005,4.32,,5.79
2423,45.18,-73.4,0.005,4.32,,6.69
2223,53.03,-108.46,0.005,4.78,,5.95
640,44.15,-81.27,0.005,4.15,,6.46
3086,46.76,-70.95,0.005,4.14,,6.42
2659,53.66,-115.99,0.005,4.35,,6.02
1287,46.48,-67.42,0.005,4.15,,6.65
3694,51.4,-101.58,0.005,4.75,,6.4
1189,49.16,-122.58,0.005,3.58,,5.47
179,45.05,-77.75,0.005,4.33,,6.98
1048,53.51,-113.6,0.005,4.14,,6.33
3526,51.1,-112.98,0.005,4.83,,6.47
3264,49.78,-124.18,0.005,3.61,,6.05
2098,49.24,-98.53,0.005,4.82,,6.93
1786,48.35,-78,0.005,4.24,,6.22
1338,46.15,-67.56,0.005,4.33,,6.59
1170,43.04,-79.28,0.005,4.21,,6.61
3735,56.47,-108.7,0.005,4.35,,5.43
4011,49.18,-97.94,0.005,4.78,,6.91
3814,46.05,-71.96,0.005,4.23,,6.49
1816,45.92,-74.25,0.005,4.22,,6.95
3100,45.56,-72.85,0.005,4.27,,6.59
2195,55.7,-116.9,0.005,4.34,,5.79
3243,48.78,-67.7,0.005,4.17,,6.48
429,42.96,-79.16,0.005,3.99,,6.62
3804,47.03,-65.23,0.005,3.99,,6.63
618,47.5,-53.66,0.005,3.42,,5.68
534,48.49,-59.18,0.005,3.49,,5.55
2443,55.2,-129.07,0.005,3.22,,4.94
1413,53.1,-104.46,0.005,4.67,,6.31
3160,46.3,-73.38,0.005,4.31,,6.85
2511,48.82,-123.71,0.005,3.8,,6.25
2786,53.68,-132.18,0.005,3.22,,4.72
1493,45.99,-65.31,0.005,4.21,,6.65
523,47.06,-67.6,0.005,4.16,,6.45
2993,45.73,-64.5,0.005,4.37,,6.36
2435,52.83,-109.62,0.005,4.76,,6.13
809,49.82,-95.2,0.005,4.37,,6.72
487,44.37,-65.03,0.005,3.84,,6.69
3201,46.73,-64.97,0.005,4.22,,6.75
2881,48.72,-94.56,0.005,4.63,,6.79
301,49.13,-102.8,0.005,5.04,,7.07
2009,54.02,-109.15,0.005,4.31,,6.15
286,44.36,-80.72,0.005,4.11,,6.69
2880,58.5,-119.4,0.005,4.21,,5.67
2625,53.5,-105.56,0.005,4.7,,5.94
1311,49.31,-67.6,0.005,4.17,,6.57
3308,45.53,-71.28,0.005,4.09,,6.48
1218,46.46,-70.8,0.005,4.13,,6.52
1312,43.73,-81.7,0.005,4.22,,6.71
3333,48.38,-77.25,0.005,4.22,,6.39
314,51.6,-119.91,0.005,4.14,,5.82
3266,44.47,-63.6,0.005,3.91,,6.74
3775,49.16,-79.28,0.005,4.22,,6.46
901,55.93,-108.93,0.005,4.41,,5.42
3375,49.9,-99.07,0.005,3.94,,6.82
1195,53.71,-113.21,0.005,4.55,,6.13
1378,46.57,-81.06,0.005,4.28,,6.69
2382,43.07,-80.31,0.005,4.18,,6.87
2878,50.62,-116.07,0.005,4.43,,6.46
834,44.68,-64.93,0.005,4.24,,6.63
1772,55.08,-127.83,0.005,3.43,,5.12
2173,49.61,-83.26,0.005,4.16,,6.63
2187,50.26,-101.38,0.005,4.9,,6.79
1827,52.46,-113.73,0.005,4.62,,6.23
3395,53.49,-104.81,0.005,4.64,,6.35
1166,51.29,-56.72,0.005,3.46,,5.49
3893,42.95,-81.88,0.005,4.27,,6.83
2778,49.23,-124.8,0.005,3.65,,5.7
1989,50.08,-96.94,0.005,4.63,,6.67
984,50.93,-104.71,0.005,4.92,,6.81
1429,52.72,-107.35,0.005,4.84,,6.26
3071,45.62,-73.98,0.005,3.44,,6.87
3731,42.52,-81.87,0.005,4.91,,6.86
1455,43.97,-78.74,0.005,4.15,,6.81
3553,44.29,-77.54,0.005,4.87,,7
3385,44.35,-80.24,0.005,4.14,,6.84
2497,48.98,-80.71,0.005,4.22,,6.45
3210,46.86,-70.91,0.005,4.14,,6.54
2483,53.35,-104.01,0.005,4.61,,6.26
3249,45.25,-74.25,0.005,4.38,,6.76
2526,45.87,-82.1,0.005,4.27,,7.02
1887,49.25,-124.07,0.005,3.87,,6.22
968,50.45,-96.94,0.005,4.62,,6.51
3383,42.84,-80.31,0.005,4.19,,6.87
2360,43.44,-80.11,0.005,4.18,,6.81
1432,52.51,-106.41,0.005,4.86,,6.18
2644,49.31,-124.31,0.005,3.83,,6.29
4078,48.86,-124.2,0.005,3.6,,5.94
3933,45.1,-78.6,0.005,4.23,,6.9
1374,46.77,-65.75,0.005,4.25,,6.69
3631,48.66,-78.68,0.005,4.22,,6.49
535,46.12,-63.78,0.005,4.1,,6.34
2036,43.18,-81.4,0.005,4.2,,6.64
1325,49.39,-103.7,0.005,5.04,,7.12
103,50.27,-99.26,0.005,4.37,,6.86
1910,46.93,-55.53,0.005,3.42,,5.65
1045,46.07,-67.72,0.005,4.14,,6.75
2015,45.93,-79.99,0.005,4.23,,7.07
1044,44.58,-64.62,0.005,4.14,,6.59
2870,52.07,-104.25,0.005,4.78,,6.53
3782,45.68,-73.44,0.005,4.36,,6.85
3482,51.37,-55.61,0.005,3.44,,5.49
717,49.07,-81.02,0.005,4.63,,6.41
3103,46.38,-71.41,0.005,4.17,,6.52
2752,45.59,-80.37,0.005,4.21,,6.9
3809,45.43,-66.16,0.005,4.58,,6.62
2177,45.9,-67.7,0.005,4.13,,6.71
1430,52.38,-126.55,0.005,3.4,,5.25
1683,45.6,-65.98,0.005,4.15,,6.78
1350,54.78,-124.88,0.005,4.46,,5.83
1481,49.47,-82.68,0.005,4.16,,6.56
3554,49.49,-112.51,0.005,4.87,,7.17
295,50.31,-99.75,0.005,4.29,,6.91
2180,53.95,-115.13,0.005,4.38,,5.88
222,44.12,-77.5,0.005,4.11,,6.98
922,45.89,-64.51,0.005,4.13,,6.6
495,53.25,-113.81,0.005,4.52,,6.06
2137,44.31,-80.64,0.005,4.11,,6.66
2500,65.28,-126.83,0.005,3.53,,5.27
115,46.8,-67.72,0.005,4.19,,6.58
3716,49.63,-104.22,0.005,5.02,,7
1536,45.62,-62.64,0.005,4.22,,6.58
3089,48.63,-71.69,0.005,4.19,,6.21
1458,44.15,-81.02,0.005,4.15,,6.63
4049,44.08,-77.09,0.005,4.26,,6.91
656,49.15,-121.95,0.005,3.61,,5.78
3675,48.4,-89.26,0.005,4.48,,6.91
3825,49.85,-100.93,0.005,4.95,,6.89
370,52.3,-112.52,0.005,4.72,,6.12
1016,47.37,-68.29,0.005,4.15,,6.49
1461,45.85,-66.8,0.005,4.18,,6.84
3215,45.88,-73.15,0.005,4.34,,6.85
1503,50.09,-111.79,0.005,4.96,,6.77
141,45.18,-72.28,0.005,4.82,,6.59
4043,43.13,-80.73,0.005,4.19,,6.82
3098,48.61,-71.11,0.005,4.11,,6.18
2604,43.97,-78.61,0.005,4.27,,6.94
2746,43.01,-82.1,0.005,4.3,,6.85
2796,45.61,-61.35,0.005,3.78,,6.22
254,43.46,-80.53,0.005,4.18,,6.89
686,48.18,-54.05,0.005,3.44,,5.68
1790,55.4,-119.15,0.005,4.32,,5.69
3415,49.61,-100.26,0.005,4.93,,6.89
3525,49.46,-113.3,0.005,4.76,,6.96
3545,48.52,-58.45,0.005,3.44,,5.47
2120,53.49,-113.35,0.005,3.55,,6.11
81,52.46,-125.31,0.005,3.84,,6.48
335,44.52,-63.82,0.005,4.1,,6.74
3396,51.62,-109.47,0.005,4.91,,6.56
1029,49.9,-97.75,0.005,4.71,,6.85
2294,45.65,-74.08,0.005,4.36,,6.71
1688,45.62,-79.11,0.005,4.21,,6.71
1999,45.61,-65.89,0.005,4.2,,6.69
2238,52.48,-105.3,0.005,4.8,,6.16
2017,47.87,-66.12,0.005,4.24,,6.62
2121,49.22,-122.59,0.005,3.55,,5.51
3503,46.9,-65.19,0.005,4.24,,6.69
3504,45.34,-65.55,0.005,4.12,,6.24
1463,47.67,-53.25,0.005,3.42,,5.91
3898,44.78,-63.59,0.005,3.94,,6.56
1191,49.72,-113.4,0.005,4.78,,7.05
344,43.98,-77.23,0.005,3.45,,6.96
3547,45.5,-74.46,0.005,4.36,,6.86
2103,49.42,-107.07,0.005,5,,6.72
2441,44.07,-81,0.005,4.15,,6.66
537,46.7,-80.91,0.005,4.29,,6.88
3562,53.52,-114,0.005,4.49,,6.15
553,43.12,-81.48,0.005,4.19,,6.67
2397,51.56,-112.73,0.005,4.82,,6.3
2973,47.43,-70.01,0.005,4.19,,6.57
2785,45.11,-79.58,0.005,4.19,,7.03
511,53.02,-112.82,0.005,4.63,,6.18
252,46.54,-67.65,0.005,4.18,,6.42
2706,49.87,-112.77,0.005,4.87,,6.98
2020,46.29,-81.69,0.005,4.24,,7.08
3501,49.31,-96.94,0.005,4.7,,6.77
3229,46.21,-70.48,0.005,4.14,,6.4
1421,52.46,-113.94,0.005,4.95,,6.19
2068,45.5,-77.99,0.005,4.35,,6.91
3034,49.65,-124.95,0.005,3.73,,5.83
3551,45.13,-63.34,0.005,3.98,,6.53
3961,45.35,-76.49,0.005,4.41,,6.89
2220,50.93,-102.8,0.005,4.84,,6.67
2128,46.33,-61.09,0.005,3.75,,5.84
3473,50.6,-101.68,0.005,4.87,,6.66
392,43.68,-79.76,0.005,4.22,,6.96
979,50.94,-104.03,0.005,4.89,,6.66
493,46.17,-79.4,0.005,4.25,,6.85
4079,51.76,-105.74,0.005,4.9,,6.4
1225,45.38,-64.67,0.005,4.31,,6.83
2462,53.27,-113.14,0.005,4.57,,6.16
75,46.05,-74.76,0.005,4.11,,6.88
2738,46.23,-71.75,0.005,4.2,,6.42
262,47.86,-65.92,0.005,4.29,,6.52
221,46.05,-64.02,0.005,4.11,,6.24
230,49.6,-87.95,0.005,4.27,,6.71
1200,58.39,-116.01,0.005,4.25,,5.48
594,44.62,-80.61,0.005,4.18,,6.67
1147,46.52,-80.02,0.005,4.29,,6.8
3021,45.25,-79.64,0.005,4.19,,6.86
2079,48.2,-58.87,0.005,4.41,,5.96
2073,47.81,-65.77,0.005,4.27,,6.81
434,45,-64.01,0.005,3.93,,6.58
3875,51.48,-78.75,0.005,4.22,,6.02
1037,46.38,-82.65,0.005,4.29,,6.8
1724,46.63,-67.7,0.005,4.17,,6.52
2501,48.83,-72.53,0.005,4.27,,6.12
3628,50.53,-101.84,0.005,4.89,,6.75
2372,44.03,-64.7,0.005,4.18,,6.7
154,43.28,-80.45,0.005,4.17,,6.9
1803,42.23,-83.09,0.005,4.68,,7.05
3130,45.58,-73.33,0.005,4.33,,6.81
738,45.96,-71.37,0.005,4.14,,6.56
3153,48.65,-72.45,0.005,4.28,,6.28
906,56.53,-117.67,0.005,4.32,,5.77
2031,46.24,-67.49,0.005,4.17,,6.58
2333,43.05,-79.12,0.005,4.07,,6.65
2516,43.72,-80.96,0.005,4.16,,6.65
1744,47.82,-53.11,0.005,4.14,,5.81
4047,47.1,-67.71,0.005,4.26,,6.52
2197,48.01,-66.57,0.005,4.21,,6.27
3517,53.81,-94.91,0.005,4.32,,6.11
772,54.22,-100.6,0.005,4.33,,6.27
1223,44.72,-75.96,0.005,4.37,,6.84
1595,45.31,-79.27,0.005,4.21,,6.68
2733,46.82,-60.79,0.005,3.68,,5.67
1407,45.05,-72.16,0.005,5.01,,6.5
3087,45.68,-73.18,0.005,4.33,,6.8
2848,54.31,-130.32,0.005,2.88,,4.19
943,42.59,-82.18,0.005,4.34,,6.95
3421,49.97,-56.02,0.005,3.53,,5.58
1272,55.78,-124.7,0.005,3.71,,5.48
379,43.91,-78.68,0.005,4.27,,7.01
382,54.58,-112.8,0.005,4.46,,5.94
3816,53.09,-111.77,0.005,4.66,,6.12
2788,49.26,-122.78,0.005,3.57,,5.52
3292,46.55,-84.34,0.005,4.23,,6.72
3364,44.67,-63.66,0.005,4.55,,6.73
549,49.17,-101.62,0.005,5.02,,7
983,49.79,-93.19,0.005,4.5,,6.72
1341,47.08,-55.75,0.005,3.44,,6.04
2,51.3,-121.4,0.005,4.16,,6.24
38,44.31,-79.54,0.005,4.23,,6.79
3509,49.86,-57.8,0.005,3.38,,5.54
861,52.64,-94.19,0.005,3.47,,6.39
1110,42.73,-80.88,0.005,4.34,,6.68
2028,53.48,-104.16,0.005,4.6,,6.23
3401,43.09,-79.54,0.005,4.21,,6.88
3723,44.99,-74.31,0.005,3.39,,6.68
2637,47.91,-74.61,0.005,4.3,,6.39
3597,45.77,-79.38,0.005,4.21,,6.76
2161,54.01,-132.15,0.005,3.18,,4.63
929,45.5,-76.93,0.005,4.88,,6.92
827,53.94,-102.31,0.005,4.46,,6.21
1975,50.82,-96.31,0.005,4.56,,6.67
2232,48.66,-68,0.005,4.17,,6.48
3074,46.39,-72.88,0.005,4.31,,6.75
1321,50.22,-109.63,0.005,4.97,,6.76
78,52.56,-111.05,0.005,4.72,,6.32
1021,51.12,-106.59,0.005,4.96,,6.37
853,53.52,-106.87,0.005,4.73,,5.94
3907,45.7,-71.46,0.005,4.13,,6.47
1284,42.91,-81.04,0.005,4.79,,6.84
2949,45.78,-75.1,0.005,4.35,,6.88
708,45.13,-71.8,0.005,4.18,,6.38
2583,45.65,-63.31,0.005,4.14,,6.51
2691,44.3,-78.33,0.005,4.32,,7.09
2619,49.22,-102.16,0.005,4.19,,7.03
3309,46.5,-71.06,0.005,4.17,,6.59
3009,47.62,-58.69,0.005,3.43,,5.5
1908,45.88,-73.28,0.005,4.35,,6.67
2660,44.31,-79.2,0.005,4.25,,6.85
2636,53.03,-110.29,0.005,4.71,,6.26
2014,45.61,-74.68,0.005,4.36,,6.88
1168,48.24,-82.43,0.005,4.24,,6.69
3839,52.87,-66.89,0.005,3.93,,5.79
1979,45.97,-81.92,0.005,4.28,,7.06
374,46.21,-75.96,0.005,4.35,,6.88
1652,44.83,-75.93,0.005,4.31,,6.86
2744,45.54,-62.65,0.005,4,,6.31
2457,45.87,-66.66,0.005,4.17,,6.76
4070,49.28,-117.21,0.005,4.08,,5.92
1640,53.39,-110.53,0.005,4.65,,6.04
333,51.41,-57.13,0.005,3.48,,5.33
1843,45.31,-78.02,0.005,4.32,,6.95
308,52.03,-112.75,0.005,4.76,,6.39
765,51.6,-55.86,0.005,3.47,,5.33
1988,43.69,-65.11,0.005,3.94,,6.62
1442,43.24,-79.98,0.005,4.21,,6.76
672,50.89,-101.89,0.005,4.84,,6.74
137,59.56,-133.7,0.005,3.44,,5.31
3888,45.05,-64.67,0.005,4.19,,6.49
3326,44.47,-76.23,0.005,4.37,,6.93
1643,49.86,-56.8,0.005,3.47,,5.83
616,47,-69.84,0.005,4.18,,6.48
3325,51.09,-115.05,0.005,4.51,,6.83
120,50.72,-121.28,0.005,4.25,,6.42
2342,45.29,-67.27,0.005,4.11,,6.78
224,45.73,-76.85,0.005,4.38,,7.06
376,44.66,-63.94,0.005,3.95,,6.56
1511,53.76,-110.52,0.005,4.6,,6.07
1812,54.77,-111.97,0.005,4.45,,5.86
1497,50.23,-63.6,0.005,4.01,,6.26
3075,47.35,-68.22,0.005,4.19,,6.52
3355,43.76,-65.32,0.005,3.95,,6.83
128,49.62,-105.98,0.005,5,,6.63
573,45.31,-75.08,0.005,4.37,,6.93
3084,46.21,-72.43,0.005,4.28,,6.66
2278,49.98,-94.66,0.005,4.55,,6.77
821,52.49,-105.73,0.005,4.83,,6.18
1369,49.82,-111.7,0.005,4.96,,7.04
2385,49.26,-123.1,0.005,4.18,,5.88
1451,45.48,-73.63,0.005,4.15,,7.08
3147,47.61,-64.93,0.005,4.22,,6.6
1614,46.63,-60.4,0.005,3.61,,6.16
1310,48.69,-54.03,0.005,3.49,,5.63
3107,46.55,-64.77,0.005,4.21,,6.78
3906,43.73,-65.98,0.005,4,,6.58
182,46.22,-64.44,0.005,4.18,,6.75
3964,48.58,-85.25,0.005,4.14,,6.61
3665,49.16,-123.16,0.005,4.24,,6.29
1854,45.83,-71.08,0.005,4.13,,6.43
172,50.49,-104.26,0.005,4.93,,6.69
468,44.12,-78.73,0.005,4.05,,6.93
590,45.13,-64.52,0.005,4.18,,6.53
3878,49.82,-75.9,0.005,4.24,,6.29
3854,42.76,-80.38,0.005,4.99,,6.93
3451,49.03,-95.63,0.005,4.66,,6.84
2828,55.71,-120.13,0.005,4.28,,5.66
3506,43.25,-81.13,0.005,4.18,,6.66
3043,48.45,-123.37,0.005,3.95,,6.67
3983,45.03,-78.22,0.005,4.29,,6.93
3892,44.53,-64.66,0.005,4.27,,6.52
412,45.53,-76.46,0.005,4.18,,6.61
1726,52.78,-111.85,0.005,4.7,,6.08
1604,49.4,-91.67,0.005,4.5,,6.85
2272,46.12,-67.19,0.005,4.16,,6.69
614,47.59,-59.13,0.005,3.47,,5.31
2783,48.34,-54.17,0.005,3.46,,5.67
2922,51.35,-102.19,0.005,4.78,,6.45
2263,45.33,-63.3,0.005,4.3,,6.51
3272,55.53,-102.31,0.005,4.74,,6.26
2012,46.89,-55.65,0.005,3.43,,5.44
1162,54.76,-101.86,0.005,4.31,,6.19
1953,47.56,-67.33,0.005,4.99,,6.41
2475,45.38,-71.48,0.005,4.13,,6.37
1898,45.83,-73.41,0.005,4.36,,6.74
1371,49.87,-106.55,0.005,4.98,,6.74
3320,46.78,-84.05,0.005,4.19,,6.71
2876,45.45,-74.2,0.005,4.06,,7.01
2221,46,-64.55,0.005,4.15,,6.5
810,54.62,-97.77,0.005,4.37,,6.3
330,52.82,-106.88,0.005,4.83,,6.18
744,54.62,-113.25,0.005,4.47,,5.88
3036,45.8,-66.62,0.005,4.18,,6.71
2064,52.33,-109.93,0.005,4.79,,6.33
1885,47.08,-55.67,0.005,3.48,,6
3661,46.1,-71.3,0.005,4.14,,6.42
2775,50.05,-97.97,0.005,4.72,,6.83
652,55.69,-121.63,0.005,4.14,,5.89
1978,50.1,-96.94,0.005,4.27,,6.67
2907,50.45,-104.6,0.005,4.97,,7
948,44.25,-78.22,0.005,4.16,,6.89
1554,51.19,-96.3,0.005,4.52,,6.46
3334,50.21,-66.38,0.005,4.08,,5.88
3759,44.32,-79.83,0.005,4.1,,6.6
2226,44.85,-75.82,0.005,4.38,,7.08
3189,46.23,-73.53,0.005,4.32,,6.75
829,47.54,-53.22,0.005,3.45,,5.78
3730,55.13,-121,0.005,4.15,,5.87
601,49.45,-104.6,0.005,5.02,,6.91
4071,46.31,-63.09,0.005,4.2,,6.24
3541,51.05,-99.52,0.005,4.75,,6.7
2111,45.05,-72.39,0.005,4.18,,6.39
116,50.73,-113.14,0.005,4.83,,6.72
1091,49.47,-111.1,0.005,4.98,,7
2740,49.19,-97.76,0.005,4.77,,6.92
1171,43.87,-81.03,0.005,4.15,,6.72
157,48.97,-56.04,0.005,3.49,,5.68
1456,51.62,-106.44,0.005,4.94,,6.33
1881,46.38,-67.51,0.005,4.37,,6.59
218,49.53,-56.86,0.005,4.11,,5.53
4077,51.21,-102.46,0.005,4.79,,6.61
595,44.4,-76.9,0.005,4.18,,7.15
1279,50.63,-96.99,0.005,4.62,,6.49
3793,53.35,-110.85,0.005,4.65,,6.19
926,45.24,-78.89,0.005,4.21,,6.87
1804,49.69,-97.26,0.005,4.68,,6.73
26,43.15,-81.53,0.005,4.22,,6.83
2053,50.23,-121.58,0.005,4.09,,6.7
1154,51.43,-97.36,0.005,4.55,,6.64
2453,47.59,-56.65,0.005,3.76,,5.64
1560,44.86,-79.81,0.005,4.19,,6.71
210,47.32,-52.79,0.005,3.4,,5.84
67,43.97,-79.19,0.005,4.77,,6.91
4031,44.22,-76.51,0.005,4.68,,6.95
4050,44.15,-77.7,0.005,4.35,,7.13
3480,45.55,-61.88,0.005,4.36,,6.19
1296,47.95,-66.8,0.005,4.26,,6.3
3715,46.35,-72.55,0.005,4.29,,6.87
967,49.97,-110.58,0.005,4.99,,6.71
1706,49.76,-94.5,0.005,4.56,,6.5
918,51.49,-117.17,0.005,4.23,,5.9
3212,45.82,-72.41,0.005,4.26,,6.66
1490,49.15,-122.25,0.005,3.62,,5.46
2767,47.57,-64.95,0.005,4.22,,6.59
1828,49.09,-123.07,0.005,3.85,,6.23
1327,43.87,-81.1,0.005,4.15,,6.57
1514,45.08,-73.58,0.005,4.35,,6.66
1971,47.1,-70.35,0.005,4.15,,6.58
1738,51.46,-109.15,0.005,4.92,,6.51
280,51.91,-101.54,0.005,4.66,,6.33
2179,45.1,-77.83,0.005,4.13,,6.95
2082,51.16,-55.98,0.005,3.45,,5.46
385,44.11,-79.56,0.005,4.23,,6.96
2077,49.4,-112.86,0.005,4.82,,7.07
2798,43.95,-78.29,0.005,4.31,,6.95
2596,49.52,-82.86,0.005,4.16,,6.71
934,48.77,-64.37,0.005,4.09,,6.42
3968,49.4,-93.95,0.005,4.56,,6.59
323,52.7,-103.64,0.005,4.66,,6.32
1409,45.24,-77.16,0.005,4.38,,7.07
462,43.37,-79.81,0.005,4.22,,6.91
3261,45.42,-65.4,0.005,4,,6.81
3864,49.28,-112.2,0.005,4.89,,7.01
3051,45.25,-66.03,0.005,4.14,,6.44
138,52.92,-82.42,0.005,4.18,,6.34
3436,54.01,-125.76,0.005,3.68,,5.88
3662,55.31,-97.68,0.005,4.3,,5.8
3324,50.17,-104.01,0.005,4.98,,6.7
2678,50.53,-108.23,0.005,4.95,,6.68
816,45.21,-75.15,0.005,4.37,,6.89
3840,51.94,-103.79,0.005,4.76,,6.53
2210,45.98,-67.5,0.005,4.16,,6.75
1723,54.44,-112.09,0.005,4.49,,6.08
1377,44.23,-76.96,0.005,4.36,,6.94
4014,49.88,-97.14,0.005,4.65,,6.9
1814,48.41,-67.35,0.005,4.16,,6.23
3199,46.1,-72.36,0.005,4.28,,6.7
2477,49.15,-53.62,0.005,3.48,,5.27
236,45.83,-71.38,0.005,4.13,,6.48
2653,52.15,-95.37,0.005,4.42,,6.31
1448,45.5,-71.25,0.005,3.5,,6.38
2211,43.78,-66.05,0.005,4.24,,6.71
398,44.54,-79.17,0.005,4.24,,6.84
3917,44.86,-63.61,0.005,4.35,,6.5
805,51.54,-114.49,0.005,4.6,,6.32
875,49.08,-123.05,0.005,3.77,,6.23
3029,53.16,-112.63,0.005,4.62,,6.12
2598,43.91,-80.1,0.005,4.17,,6.82
213,47.58,-53.29,0.005,3.44,,5.75
3916,43.91,-66.1,0.005,4.35,,6.67
1996,51.55,-121.2,0.005,4.09,,6.14
1769,53.82,-89.88,0.005,4.21,,5.8
2433,54.31,-114.37,0.005,4.41,,5.91
3692,53.37,-112.66,0.005,4.59,,6.11
3013,44.19,-78.05,0.005,4.32,,6.97
4007,43.67,-80.6,0.005,4.46,,6.57
550,45.13,-76.14,0.005,4.41,,6.83
87,50.73,-101.02,0.005,4.83,,6.69
1271,49.71,-86.95,0.005,4.2,,6.61
306,47.57,-65.66,0.005,4.69,,6.58
2865,50.53,-127.65,0.005,3.31,,5.1
2690,45.88,-77.31,0.005,4.37,,6.84
2499,44.72,-78.81,0.005,4.26,,6.77
364,45.2,-66.85,0.005,4.12,,6.83
2446,51.7,-110.49,0.005,4.89,,6.5
2543,46.48,-72.65,0.005,4.28,,6.7
4033,50.94,-114.1,0.005,4.68,,6.6
1420,50.09,-108.48,0.005,4.95,,6.67
1389,45.29,-74.76,0.005,3.95,,6.92
34,43.18,-80.07,0.005,4.13,,6.86
2373,44.27,-64.42,0.005,4.18,,6.8
1167,51.64,-103.53,0.005,4.79,,6.46
1136,52.76,-112.97,0.005,4.65,,6.3
2495,45.96,-66.52,0.005,4.17,,6.69
3982,45.8,-81.71,0.005,4.27,,7.25
1594,43.95,-64.77,0.005,3.93,,6.84
1525,48.1,-53.74,0.005,3.44,,5.7
2654,53.01,-108.93,0.005,4.75,,6.23
3458,45.67,-65.81,0.005,4,,6.71
1756,44.78,-78.65,0.005,4.27,,6.8
867,42.84,-80.49,0.005,4.18,,6.98
4084,53.06,-103.75,0.005,4.63,,6.25
492,46.22,-79.36,0.005,4.25,,6.89
2791,46.04,-64.08,0.005,4.13,,6.53
531,44.92,-81.02,0.005,4.19,,6.82
2994,44.37,-75.93,0.005,4.37,,7.02
2241,45.71,-63.17,0.005,4.11,,6.58
2977,53.23,-116.97,0.005,4.26,,5.9
2300,48.31,-84.08,0.005,4.16,,6.59
3140,48.73,-71.85,0.005,4.21,,6.29
1160,44.26,-80.55,0.005,4.12,,6.7
3773,55.06,-117.28,0.005,4.32,,5.93
2556,50.56,-100.57,0.005,4.86,,6.73
2438,55.78,-98.88,0.005,4.23,,5.97
279,49.39,-105.12,0.005,5.04,,6.71
3776,49.75,-124.55,0.005,3.75,,6
2135,45.98,-60.21,0.005,3.71,,6.27
4059,49.08,-116.08,0.005,4.31,,6.38
1017,53.58,-116.43,0.005,4.33,,5.92
2680,45.77,-65.38,0.005,4.18,,6.7
1568,45.84,-64.57,0.005,4.11,,6.77
1354,55.17,-118.79,0.005,4.33,,5.82
3728,53.71,-110.18,0.005,4.62,,6.04
2847,53.55,-113.51,0.005,2.88,,6.32
2205,53.44,-105.36,0.005,4.69,,5.99
2259,48.65,-123.55,0.005,3.88,,6.43
1256,46.54,-84.16,0.005,4.23,,6.72
1970,44.26,-79.97,0.005,4.21,,6.78
127,49.85,-97.25,0.005,5,,6.83
1682,46.77,-84.35,0.005,4.19,,6.79
1741,48.55,-53.37,0.005,3.44,,5.88
735,47.36,-79.75,0.005,4.56,,6.61
2472,45.82,-66.91,0.005,4.23,,6.8
725,44,-77.88,0.005,4.34,,7.06
2324,43.15,-79.25,0.005,4.36,,6.92
3763,48.53,-67.55,0.005,4.14,,6.06
836,48.04,-66.39,0.005,4.24,,5.93
2291,49.4,-100.02,0.005,4.93,,6.82
2461,44.73,-64.45,0.005,3.99,,6.58
31,48.88,-72.45,0.005,4.25,,6.2
2217,45.78,-63.02,0.005,4.84,,6.46
4035,49.33,-122.91,0.005,4.68,,5.5
3817,53.25,-132.1,0.005,3.14,,4.64
3700,43.67,-79.39,0.005,4.25,,6.89
2454,45.16,-61.45,0.005,3.76,,6.27
2656,49.77,-119.73,0.005,4.14,,6.42
4076,56.08,-96.1,0.005,4.23,,5.94
3838,54.9,-98.62,0.005,4.29,,6.37
4046,45.03,-63.93,0.005,4.26,,6.49
753,45.23,-71.81,0.005,4.19,,6.47
651,45.62,-79.32,0.005,4.14,,6.62
3500,51.52,-55.48,0.005,3.46,,5.46
1710,53.6,-113.01,0.005,4.09,,6.16
2919,45.35,-75.69,0.005,3.99,,6.96
1263,45.76,-66.48,0.005,4.18,,6.68
1914,44.88,-65.15,0.005,4.11,,6.51
479,53.02,-117.32,0.005,4.23,,5.87
3497,46.9,-55.4,0.005,3.42,,5.4
3607,49.11,-122.82,0.005,3.64,,5.92
1777,49.44,-117.59,0.005,4.05,,6.33
1116,49.26,-123.13,0.005,4.34,,5.93
2541,47.61,-68.79,0.005,4.12,,6.41
3953,42.09,-82.46,0.005,4.42,,6.9
799,49.82,-103.31,0.005,5,,6.89
2366,42.95,-80.79,0.005,4.18,,6.82
521,45.89,-67.46,0.005,4.15,,6.72
2244,45.09,-76.39,0.005,4.41,,6.84
907,45.06,-71.76,0.005,4.18,,6.47
845,45.86,-76.76,0.005,4.94,,6.9
65,51.37,-109.99,0.005,4.93,,6.61
1307,49.42,-82.41,0.005,4.71,,6.55
1209,47.32,-53.88,0.005,3.42,,5.78
3035,48.72,-67.41,0.005,4.17,,6.16
1700,45.46,-63.07,0.005,3.96,,6.39
268,46.2,-67.7,0.005,4.36,,6.64
1958,45.9,-66.58,0.005,4.22,,6.74
2027,48.06,-77.38,0.005,4.25,,6.46
1322,44.9,-78.37,0.005,4.28,,6.8
2295,47.03,-65.17,0.005,4.27,,6.62
585,50.79,-106.5,0.005,4.96,,6.64
1926,42.09,-82.55,0.005,4.41,,6.93
1936,45.17,-66.46,0.005,4.12,,6.65
1794,45.4,-71.25,0.005,4.1,,6.31
3248,45.59,-71.96,0.005,4.1,,6.48
485,43.86,-79.85,0.005,4.2,,6.98
1199,56.25,-120.84,0.005,4.26,,5.93
2038,43.96,-81.51,0.005,4.17,,6.55
785,52.03,-100.64,0.005,4.6,,6.71
1659,49.59,-83.74,0.005,4.16,,6.66
19,44.54,-77.32,0.005,4.37,,7.04
4002,44.99,-64.13,0.005,4.05,,6.6
430,46.53,-84.39,0.005,3.99,,6.77
2118,45.21,-78.95,0.005,3.55,,6.81
3754,44.8,-64.23,0.005,4,,6.62
2138,43.87,-79.26,0.005,4.24,,6.84
2350,51.33,-80.72,0.005,4.19,,6.48
3673,49.33,-117.58,0.005,4.03,,6.42
3493,47.29,-68.39,0.005,4.16,,6.6
1768,49.15,-116.33,0.005,4.3,,6.4
4039,50.05,-119.38,0.005,4.13,,6.43
3790,51.58,-119.71,0.005,4.09,,5.84
1705,45.17,-63.72,0.005,4.03,,6.56
273,45.42,-63.38,0.005,4.88,,6.47
1380,45.66,-77.11,0.005,4.64,,6.87
1084,42.09,-82.9,0.005,4.41,,7.07
40,46.29,-60.28,0.005,3.68,,6.48
52,51.78,-122.23,0.005,4.13,,6.38
3765,45.5,-72.35,0.005,4.2,,6.55
2136,45.18,-75.35,0.005,4.38,,6.85
3448,53.36,-107.51,0.005,4.75,,6.03
2270,44.99,-64.81,0.005,4.16,,6.43
1550,50.95,-105.42,0.005,4.95,,6.38
297,44.08,-78.32,0.005,4.3,,7.03
970,44.45,-78.64,0.005,4.29,,6.97
665,49.13,-97.97,0.005,4.79,,6.99
509,42.68,-81.58,0.005,4.23,,6.87
3635,44.41,-76.21,0.005,4.28,,6.86
3144,46.06,-70.95,0.005,4.15,,6.61
1094,47.2,-81.99,0.005,2.85,,6.85
1005,52.36,-114.36,0.005,4.53,,6.23
2800,52.54,-56.29,0.005,3.63,,5.43
889,46.24,-78.29,0.005,4.31,,6.78
1415,48.93,-67.16,0.005,4.17,,6.22
2061,45.09,-66.47,0.005,4.12,,6.72
3693,49.15,-125.9,0.005,3.43,,5.6
3194,46.11,-74.59,0.005,4.36,,6.78
1587,45.44,-75.74,0.005,4.38,,6.96
608,50.23,-113.14,0.005,4.84,,6.81
1883,53.48,-113.54,0.005,4.37,,6.32
2498,52.32,-114.12,0.005,4.57,,6.15
2928,46.68,-64.86,0.005,4.21,,6.67
2707,54.34,-109.77,0.005,4.56,,5.99
1300,50.55,-99.19,0.005,4.77,,6.72
92,44.48,-79.82,0.005,4.21,,6.83
352,49.6,-96.68,0.005,4.65,,6.77
876,44.09,-77.2,0.005,4.36,,7
2112,49.4,-110.69,0.005,4.99,,7
726,41.98,-82.93,0.005,4.43,,7.13
2777,52.59,-103.25,0.005,4.65,,6.4
2159,46.23,-73.01,0.005,4.33,,6.72
1428,49.67,-95.9,0.005,4.61,,6.68
1734,49.66,-107,0.005,4.98,,6.87
716,53.07,-108.33,0.005,4.78,,6.07
2535,44.38,-77.97,0.005,4.35,,7.1
357,49.23,-100.05,0.005,4.93,,6.96
285,49.73,-100.19,0.005,4.27,,6.81
3941,45.81,-76.88,0.005,4.38,,7.05
3185,48.22,-70.21,0.005,4.31,,6.31
2991,45,-64.7,0.005,4.37,,6.61
2039,50.98,-107.13,0.005,4.96,,6.61
35,48.58,-93.52,0.005,4.13,,6.74
2608,49.03,-119.46,0.005,4.14,,7.06
2956,43.57,-65.59,0.005,3.36,,6.76
2523,53.53,-60.14,0.005,3.6,,5.06
2806,44.74,-79.81,0.005,4.2,,6.95
2059,49.43,-88.12,0.005,4.3,,6.51
3446,50.9,-116.36,0.005,4.39,,6.09
2086,44.63,-75.61,0.005,4.36,,6.91
1753,52.95,-105.02,0.005,4.74,,6.05
3984,50.09,-104.72,0.005,4.99,,6.82
1491,46.14,-64.39,0.005,4.17,,6.65
2094,44.47,-75.87,0.005,4.37,,6.85
1405,44.19,-76.98,0.005,4.78,,6.93
170,49.38,-99.24,0.005,4.86,,6.87
3423,44.7,-81.21,0.005,4.18,,6.93
3233,45.26,-73.61,0.005,4.34,,6.7
518,51.63,-102.43,0.005,4.73,,6.51
365,54.26,-110.73,0.005,4.53,,5.83
2240,44.94,-65.06,0.005,4.11,,6.41
69,56.9,-120.9,0.005,4.77,,5.78
3398,54.77,-127.17,0.005,3.55,,5.37
3970,56.1,-118.07,0.005,4.34,,5.81
1927,53.02,-106.74,0.005,4.8,,6.13
879,49.53,-124.81,0.005,3.74,,6.14
714,43.96,-78.16,0.005,4.32,,7.02
1600,51.89,-102.26,0.005,4.68,,6.47
592,45.8,-65.58,0.005,4.18,,6.62
3019,44.34,-77.33,0.005,4.37,,6.88
449,48.82,-56.84,0.005,3.45,,5.56
2214,42.81,-81.55,0.005,4.24,,6.74
362,46.23,-79.14,0.005,4.25,,6.98
2534,44.06,-66.02,0.005,4.35,,6.65
3374,50.83,-118.98,0.005,4.04,,5.92
3003,55.9,-120.13,0.005,4.29,,5.78
1962,51.59,-113.48,0.005,4.76,,6.36
675,58.78,-94.18,0.005,4.09,,3.99
791,51.04,-105.81,0.005,4.95,,6.53
299,45.37,-63.25,0.005,4,,6.51
135,47.98,-66.72,0.005,4.21,,6.35
909,51.8,-108.83,0.005,4.9,,6.32
2481,47.73,-65.73,0.005,4.27,,6.63
2914,49.85,-95.55,0.005,4.58,,6.73
1820,45.68,-76.21,0.005,4.36,,6.84
3555,50.44,-101.3,0.005,4.89,,6.89
2049,45.53,-76.01,0.005,4.39,,6.91
2119,50.96,-114.03,0.005,3.55,,6.65
2390,49.13,-113.59,0.005,4.64,,6.94
237,45.88,-64.57,0.005,4.55,,6.67
3911,53,-105.14,0.005,4.74,,6
1637,48.76,-80.68,0.005,4.23,,6.56
1750,45.78,-61.31,0.005,4.42,,6.02
3370,49.61,-95.1,0.005,4.89,,6.33
1837,49.14,-104.19,0.005,5.05,,7.07
70,42.82,-81.86,0.005,4.28,,6.89
3914,43.55,-80.71,0.005,4.16,,6.82
2610,45.33,-75.58,0.005,4.38,,7.03
2025,48.64,-59,0.005,3.47,,5.93
1059,50.95,-110,0.005,4.97,,6.68
1644,46.19,-67.6,0.005,4.17,,6.61
1860,45.01,-76.36,0.005,4.41,,6.9
898,44.62,-65.75,0.005,4.08,,6.55
28,43.85,-79.03,0.005,4.26,,6.93
2512,43.5,-65.6,0.005,3.98,,6.84
1241,48.76,-123.45,0.005,3.91,,6.51
3459,45.98,-67.54,0.005,4,,6.68
4032,50.2,-97.66,0.005,4.68,,6.86
545,53.77,-113.6,0.005,4.32,,6.04
1671,45.9,-82.25,0.005,4.28,,6.99
1489,45.18,-71.93,0.005,4.17,,6.54
3581,46.36,-79.92,0.005,4.27,,6.74
3120,46.31,-73.65,0.005,4.33,,6.9
2318,44.01,-80.05,0.005,4.18,,6.82
2364,47.45,-68.35,0.005,4.15,,6.44
990,44.72,-63,0.005,3.87,,6.41
415,50.37,-102.57,0.005,4.91,,6.71
2296,47,-65.46,0.005,4.27,,6.62
830,44.46,-78.37,0.005,4.32,,6.96
3619,47.32,-65.01,0.005,4.24,,6.68
417,57.87,-101.67,0.005,4.11,,5.1
571,53.69,-56.97,0.005,4.9,,5.23
574,53.6,-113.41,0.005,4.37,,6.13
76,42.1,-83.1,0.005,4.43,,7.06
3267,51.49,-101.42,0.005,4.72,,6.57
3046,53.96,-111.69,0.005,4.54,,6.15
1845,44.42,-78.27,0.005,4.32,,7.15
1400,49.08,-118.67,0.005,4.04,,6.45
1243,52.29,-112.34,0.005,4.73,,6.2
2524,46.07,-67.55,0.005,4.18,,6.62
2308,50.57,-73.64,0.005,4.24,,6.09
1364,54.88,-126.2,0.005,3.59,,5.46
1639,44.46,-78.85,0.005,4.65,,6.92
2450,45.58,-62.64,0.005,3.95,,6.34
71,43.97,-80.23,0.005,4.74,,6.74
144,52.73,-122.45,0.005,4,,6.03
567,50.85,-113.46,0.005,4.8,,6.62
276,53.59,-113.39,0.005,4.88,,6.12
1056,49,-97.21,0.005,4.76,,6.9
1994,45.47,-63.6,0.005,4.03,,6.35
3335,49.87,-110.9,0.005,4.99,,6.87
3426,56.78,-98.93,0.005,4.18,,5.9
1924,45.6,-64.09,0.005,4.41,,6.47
3097,46.63,-70.66,0.005,4.12,,6.47
338,46.3,-82.87,0.005,4.3,,6.99
669,46.07,-79.48,0.005,3.99,,6.94
1725,45.56,-77.4,0.005,4.38,,6.89
7,45.63,-62.69,0.005,3.97,,6.54
1058,48.63,-93.77,0.005,4.6,,6.84
3596,45.71,-62.84,0.005,4.21,,6.49
2222,45.97,-64.59,0.005,4.15,,6.59
1244,45.77,-66.16,0.005,4.18,,6.75
3945,45.55,-62.71,0.005,3.95,,6.39
874,44.6,-76.12,0.005,3.77,,6.77
2257,49.15,-112.08,0.005,4.9,,7.08
1205,45.8,-67.76,0.005,4.15,,6.72
1946,49.69,-112.84,0.005,4.86,,7.1
1745,46.26,-63.32,0.005,4.14,,6.26
1856,47.81,-64.62,0.005,4.19,,6.6
110,50.3,-89.04,0.005,4.12,,6.65
2503,51.88,-102.08,0.005,4.67,,6.41
3803,45.73,-63.68,0.005,3.99,,6.63
935,42.97,-79.02,0.005,4.09,,6.65
3455,45.77,-65.32,0.005,3.51,,6.59
437,46.01,-64.21,0.005,3.93,,6.58
1019,48.01,-66.42,0.005,4.24,,6.38
694,43.96,-80.97,0.005,4.14,,6.72
1941,48.37,-68.11,0.005,4.1,,6.22
3780,45.52,-74.64,0.005,4.35,,6.76
2078,44.44,-64.37,0.005,3.95,,6.69
2327,49.22,-65.73,0.005,4.21,,6.32
88,52.32,-104.81,0.005,4.79,,6.45
3753,45.13,-62.95,0.005,3.91,,6.48
554,43.39,-79.98,0.005,4.19,,6.93
4000,45.16,-79.55,0.005,4.45,,6.88
1392,49.07,-53.57,0.005,3.47,,5.23
2468,42.69,-81.79,0.005,4.27,,6.95
2931,45.75,-63.46,0.005,3.75,,6.41
3,50.73,-108.75,0.005,4.95,,6.74
824,45.51,-75.4,0.005,3.71,,6.82
630,46.96,-71.01,0.005,4.13,,6.47
1334,51.31,-104.99,0.005,4.91,,6.71
1255,53.88,-94.64,0.005,4.31,,6.34
2243,45.92,-64.51,0.005,4.11,,6.51
4022,43.76,-79.22,0.005,4.14,,6.81
4034,53.64,-113.59,0.005,4.68,,6.03
2546,45.23,-67.19,0.005,4,,6.8
501,45.81,-65.96,0.005,4.21,,6.85
2436,43.37,-79.83,0.005,4.08,,6.91
403,50.16,-105.26,0.005,4.99,,6.6
486,43.86,-79.99,0.005,4.18,,6.84
849,55.76,-120.23,0.005,4.28,,5.69
406,44.55,-65.85,0.005,4.07,,6.72
2577,49.26,-119.83,0.005,4.12,,6.5
2980,48.51,-72.23,0.005,4.27,,6.35
1473,49.25,-121.95,0.005,3.56,,5.64
3784,49.09,-95.83,0.005,4.65,,6.91
2365,44.13,-79.3,0.005,4.24,,6.73
423,45.2,-72.56,0.005,4.18,,6.44
965,45.99,-61.49,0.005,4.99,,6.17
620,47.8,-83.43,0.005,4.22,,6.77
1757,53,-111.52,0.005,4.68,,6.27
838,45.14,-75.53,0.005,4.9,,7.01
3625,55.79,-117.67,0.005,4.35,,5.73
1113,56.06,-118.38,0.005,4.34,,5.77
3208,47.56,-67.33,0.005,4.18,,6.41
880,52.22,-109.65,0.005,4.82,,6.37
1686,49.91,-116.9,0.005,4.14,,6.19
2404,44.85,-62.53,0.005,3.81,,6.56
1222,45.65,-61.52,0.005,4.37,,6.34
231,47.28,-79.33,0.005,4.28,,6.55
2974,48.62,-69.09,0.005,4.12,,6.3
2281,50.29,-64.01,0.005,4.04,,6.08
664,53.49,-104.48,0.005,4.61,,6.34
4026,44.72,-81.01,0.005,4.93,,6.72
459,45.62,-79.4,0.005,4.21,,6.66
454,56.75,-121.27,0.005,4.18,,5.89
3990,53.82,-112.11,0.005,4.57,,6.01
698,52.47,-113.44,0.005,4.64,,6.26
3081,46.49,-70.21,0.005,4.11,,6.71
3427,44.99,-75.45,0.005,4.37,,6.99
79,48.56,-78.11,0.005,4.22,,6.33
3827,51.94,-105.64,0.005,4.88,,6.42
391,50.95,-114.56,0.005,4.56,,6.65
3131,46.31,-71.66,0.005,4.33,,6.59
2530,45.65,-65.73,0.005,4.17,,6.61
3353,45.89,-81.92,0.005,4.28,,6.95
1100,43.35,-81.48,0.005,4.2,,6.62
1754,46.32,-63.6,0.005,4.08,,6.34
1695,55.25,-120.03,0.005,4.25,,6.01
3295,50.75,-120.83,0.005,4.24,,6.33
3487,43.16,-79.25,0.005,4.23,,6.92
3204,46.58,-70.28,0.005,4.08,,6.65
1715,45.07,-64.49,0.005,4.1,,6.42
2957,50.9,-106.86,0.005,4.97,,6.62
1394,45.55,-62.56,0.005,4.04,,6.47
3242,46.75,-72.26,0.005,4.22,,6.65
2043,49.96,-124.76,0.005,3.71,,6.31
2293,49.16,-104.58,0.005,5.05,,7.12
3947,52.96,-113.37,0.005,4.59,,6.18
1372,44.86,-79.33,0.005,4.21,,6.83
2683,48.53,-64.21,0.005,4.02,,6.57
840,45.78,-72.01,0.005,4.22,,6.5
807,51.05,-55.82,0.005,3.47,,5.42
2493,51.51,-105,0.005,4.9,,6.3
3536,50.16,-113.64,0.005,4.76,,6.88
2374,44.64,-65.79,0.005,4.18,,6.79
316,49.32,-54.73,0.005,3.51,,5.52
3220,45.43,-72.88,0.005,4.21,,6.44
641,53.81,-114.67,0.005,4.41,,5.91
3849,44.12,-81.15,0.005,4.15,,6.62
989,44.13,-79.42,0.005,4.23,,6.83
3691,45.25,-81.66,0.005,4.27,,7.06
1499,50.61,-57.18,0.005,3.44,,5.37
1498,48.08,-84.56,0.005,4.13,,6.56
3609,45.1,-72.61,0.005,4.24,,6.4
3830,50.95,-98.64,0.005,4.69,,6.58
3991,49.39,-105.63,0.005,5.02,,6.79
1012,52.75,-110.45,0.005,4.74,,6.31
661,53.78,-78.9,0.005,4.1,,6.01
1229,45.66,-66.61,0.005,4.17,,6.78
1250,48.95,-54.58,0.005,3.47,,5.65
3417,45.75,-65.3,0.005,3.47,,6.55
2926,46.29,-84.03,0.005,4.27,,6.79
33,46.81,-64.06,0.005,4.13,,6.21
2008,45.25,-62.74,0.005,4.31,,6.7
2614,49.92,-74.81,0.005,4.17,,6.21
2574,45.46,-74.08,0.005,4.37,,6.97
245,55.2,-119.42,0.005,4.31,,5.75
2784,42.64,-80.8,0.005,4.2,,6.75
1539,46.76,-67.55,0.005,4.22,,6.52
1202,51.49,-56.94,0.005,3.48,,5.26
654,48.41,-71.06,0.005,4.19,,6.42
2459,52.86,-112.95,0.005,4.64,,6.16
3358,53.22,-106.38,0.005,4.77,,6.08
683,43.97,-79.12,0.005,4.24,,6.92
2101,45.74,-81.8,0.005,4.28,,6.82
2652,55.88,-107.69,0.005,4.43,,5.63
1211,58.46,-114.53,0.005,4.22,,5.69
1838,48.82,-124.05,0.005,3.66,,5.96
4064,44.37,-76.77,0.005,4.36,,7.07
161,49.21,-68.15,0.005,4.16,,6.24
2935,51.03,-114.11,0.005,3.75,,6.81
3022,49.07,-117.8,0.005,3.97,,6.25
347,52.1,-119.3,0.005,3.96,,5.56
3418,46.53,-64.91,0.005,3.47,,6.87
3981,55.36,-115.03,0.005,4.32,,5.63
1120,50.5,-119.55,0.005,4.14,,6.08
1675,48.53,-89.59,0.005,4.49,,6.82
1653,52.87,-118.08,0.005,4.31,,5.83
597,43.43,-80.42,0.005,4.18,,6.89
1109,43.58,-79.63,0.005,4.34,,6.81
3184,47.12,-70.18,0.005,4.31,,6.61
662,53.63,-78.76,0.005,4.1,,6.06
666,52.5,-106.55,0.005,4.79,,6.28
3934,42.6,-81.6,0.005,4.26,,7.02
401,44.84,-65.29,0.005,4.1,,6.5
452,45.58,-75.4,0.005,4.36,,6.8
1576,45.18,-73.85,0.005,4.36,,6.66
1544,53.41,-117.56,0.005,4.28,,5.99
828,50.94,-104.21,0.005,4.9,,6.67
999,43.77,-79.66,0.005,4.77,,6.84
4023,55.59,-118.77,0.005,4.33,,5.64
737,45.3,-65.68,0.005,4.14,,6.72
2016,45.42,-62.7,0.005,4.24,,6.42
1445,45.57,-65.5,0.005,4.12,,6.69
2750,49.31,-55.41,0.005,3.52,,5.44
2651,50.69,-111.67,0.005,4.95,,6.55
3234,47.31,-70.18,0.005,4.18,,6.68
2663,43.14,-79.26,0.005,4.21,,6.81
3766,45.5,-72.31,0.005,4.2,,6.53
1190,57.18,-111.59,0.005,4.29,,5.47
3845,44.62,-65.63,0.005,4.95,,6.56
3643,47.06,-79.79,0.005,4.28,,6.99
433,43.86,-66.07,0.005,3.93,,6.62
83,53.87,-112.33,0.005,4.56,,5.98
3001,46.73,-65.42,0.005,4.24,,6.71
2585,43.15,-81.08,0.005,4.14,,6.7
3712,46.26,-70.98,0.005,4.14,,6.65
532,45.83,-61.92,0.005,3.85,,6.28
1117,49.68,-95.32,0.005,4.59,,6.89
722,47.88,-59.39,0.005,3.52,,5.6
1043,44.58,-79.86,0.005,4.2,,6.83
3425,43.31,-81.5,0.005,4.21,,6.62
632,42.39,-82.18,0.005,4.28,,7.05
3985,52.41,-108.7,0.005,4.84,,6.25
1359,49.21,-65.13,0.005,4.21,,6.39
3826,48.13,-79.58,0.005,4.25,,6.69
890,48.61,-93.67,0.005,4.59,,6.69
1057,48.63,-93.83,0.005,4.6,,6.84
3352,44.92,-62.53,0.005,3.81,,6.61
3874,49.09,-100.8,0.005,5,,6.96
1023,51.74,-103.86,0.005,4.8,,6.5
1193,50.76,-103.79,0.005,4.91,,6.65
1679,45.32,-75.9,0.005,4.39,,6.83
136,48.75,-91.62,0.005,4.52,,6.68
467,45.86,-66.44,0.005,4.05,,6.76
2384,51.06,-114.06,0.005,4.18,,6.88
3937,45.68,-63.6,0.005,4.05,,6.51
2618,47,-67.29,0.005,4.19,,6.44
576,49.32,-117.66,0.005,4.05,,6.42
2646,49.78,-104.72,0.005,5,,7.03
602,46.01,-77.45,0.005,4.36,,6.89
2284,49.97,-56.04,0.005,3.47,,5.6
2035,46.35,-67.42,0.005,4.16,,6.56
1681,49.41,-82.41,0.005,4.17,,6.55
1249,44.33,-76.16,0.005,4.37,,6.88
3560,42.3,-82.54,0.005,4.41,,7.27
2275,43.5,-79.91,0.005,3.93,,6.94
2567,49.05,-84.1,0.005,4.16,,6.62
3939,44.52,-64.3,0.005,3.96,,6.49
731,43.01,-81.49,0.005,4.12,,6.77
2946,48.45,-68.53,0.005,4.18,,6.34
3546,52.32,-112.7,0.005,4.71,,6.33
1654,49.68,-87.52,0.005,4.23,,6.53
857,54.3,-125.83,0.005,3.67,,5.67
405,49.54,-55.64,0.005,4.07,,5.8
3397,55.16,-114.03,0.005,4.38,,5.84
2901,54.16,-93.56,0.005,4.27,,6.26
3531,48.36,-89.57,0.005,4.18,,6.84
659,53.69,-112.63,0.005,4.56,,6.05
2444,46.49,-66.27,0.005,4.2,,6.67
3435,44.49,-81.37,0.005,4.18,,6.59
866,52.19,-113.23,0.005,4.69,,6.26
258,51.38,-113.53,0.005,4.77,,6.35
1633,52.91,-111.22,0.005,4.69,,6.14
3062,45.55,-74.33,0.005,4.36,,6.82
1609,44.34,-78.14,0.005,4.09,,7.11
3031,48.23,-79.01,0.005,4.26,,6.49
2171,51.74,-96.92,0.005,4.5,,6.45
1669,45.87,-61.49,0.005,3.81,,6.03
3226,48.3,-68.33,0.005,4.28,,6.31
3544,48.54,-58.54,0.005,3.45,,5.53
3824,43.15,-79.39,0.005,4.22,,6.97
2557,44.45,-64.35,0.005,4.18,,6.69
1666,48.41,-71.24,0.005,4.17,,6.3
2550,44.59,-77.88,0.005,4.95,,7.01
3318,44.65,-66.84,0.005,3.38,,7.12
762,45.48,-76.07,0.005,4.4,,6.81
2824,46.7,-71.88,0.005,4.2,,6.61
3677,46.95,-64.03,0.005,4.13,,6.53
2981,47.87,-66.94,0.005,4.23,,6.39
1152,42.71,-81.31,0.005,4.22,,6.89
2792,44.43,-81.39,0.005,4.13,,6.69
3283,49.68,-97.44,0.005,4.69,,6.73
819,45.34,-75.83,0.005,4.2,,6.88
962,51.8,-106.5,0.005,4.94,,6.39
3637,46.18,-66.6,0.005,4.19,,6.73
691,51.64,-120.03,0.005,4.13,,6.12
3601,43.63,-79.44,0.005,3.43,,6.91
1692,51.26,-103.74,0.005,4.83,,6.66
2571,50.28,-103.78,0.005,4.36,,6.76
1737,44.26,-81.49,0.005,4.2,,6.39
3857,45.22,-64,0.005,4.06,,6.7
3041,55.75,-118.7,0.005,4.34,,5.71
2484,49.01,-88.26,0.005,4.34,,6.91
2465,44.65,-76.31,0.005,4.37,,6.87
74,45.83,-64.21,0.005,4.11,,6.61
42,49.05,-122.46,0.005,3.65,,5.67
2352,46.41,-62.7,0.005,3.97,,6.25
2851,49.46,-120.5,0.005,4.1,,6.63
976,42.66,-81.5,0.005,4.24,,6.92
1620,44.27,-79.61,0.005,4.23,,6.85
3296,45.33,-71.56,0.005,4.15,,6.49
1404,45.71,-74.66,0.005,4.36,,6.89
2905,53.95,-113.1,0.005,4.54,,5.9
3344,44.1,-79.43,0.005,4.23,,6.85
1891,45.61,-60.76,0.005,3.78,,6.26
2665,55.18,-102.93,0.005,4.32,,6.19
1619,52.02,-113.95,0.005,4.63,,6.32
1090,51.52,-100.39,0.005,4.71,,6.67
952,49.78,-92.76,0.005,4.49,,6.36
1264,49.2,-117.69,0.005,4.06,,6.17
3799,52,-111.12,0.005,4.82,,6.23
2944,47.17,-67.21,0.005,4.18,,6.32
1207,46.05,-64.69,0.005,4.32,,6.59
2903,49.97,-94.38,0.005,4.54,,6.63
441,46.3,-83.79,0.005,4.26,,6.84
1181,44.06,-81.21,0.005,4.15,,6.58
461,45.11,-64.81,0.005,4.22,,6.69
3538,49.56,-97.18,0.005,4.69,,6.66
953,48.33,-84.57,0.005,4.14,,6.64
2954,44.26,-77.55,0.005,4.29,,7
3755,47.82,-66.88,0.005,4.24,,6.32
1098,53.6,-115.01,0.005,4.39,,6.17
1631,43.2,-81.97,0.005,4.28,,7.06
2853,46.16,-71.88,0.005,4.21,,6.57
436,44.04,-64.68,0.005,3.93,,6.7
1226,47.68,-70.13,0.005,4.31,,6.59
3646,46.06,-67.24,0.005,4.18,,6.74
322,53,-113.05,0.005,4.61,,6.2
282,45.98,-67.6,0.005,3.5,,6.71
1875,49.12,-122.65,0.005,3.63,,5.74
609,45.17,-67.17,0.005,4.26,,6.87
930,49.89,-99.71,0.005,4.88,,6.74
582,49.11,-123.85,0.005,3.86,,6.38
1687,44.58,-78.83,0.005,4.28,,6.8
878,45.13,-77.27,0.005,4.36,,6.93
975,45.66,-72.33,0.005,4.22,,6.62
45,49.83,-100.29,0.005,4.92,,6.84
598,49,-53.92,0.005,3.48,,5.74
3274,44.58,-79.34,0.005,4.47,,6.61
1319,51.29,-116.96,0.005,4.29,,5.91
469,49.99,-117.87,0.005,4.05,,5.8
870,51.92,-107.13,0.005,4.94,,6.34
565,45.34,-76.03,0.005,4.4,,6.83
3419,44.81,-75.7,0.005,3.47,,6.87
1176,51.76,-121.1,0.005,4.12,,6.08
3180,46.58,-71.1,0.005,4.22,,6.6
1617,45.03,-75.39,0.005,4.21,,6.88
3005,50.22,-111.77,0.005,4.96,,6.78
2779,43.87,-81.71,0.005,4.21,,6.77
2336,46.78,-75.33,0.005,4.33,,6.59
2939,44.85,-76.14,0.005,4.39,,6.89
3740,44.62,-77.33,0.005,4.38,,7
848,48.76,-94.51,0.005,3.75,,6.83
3319,48.73,-64.32,0.005,3.38,,6.54
2156,44.22,-77.1,0.005,4.36,,6.96
2560,43.03,-80.33,0.005,4.18,,7.02
2986,49.06,-102.8,0.005,5.06,,6.99
3855,49.94,-110.04,0.005,4.99,,6.81
1909,45.76,-72.3,0.005,4.24,,6.61
1362,52.99,-114.05,0.005,4.5,,6.14
2347,51.29,-98.42,0.005,4.65,,6.65
2338,49.36,-82.17,0.005,4.17,,6.47
3706,49.09,-117.7,0.005,4.09,,6.35
2377,44.26,-78.49,0.005,4.18,,6.97
3303,48.81,-87.25,0.005,4.23,,7.07
1074,42.26,-81.92,0.005,4.36,,6.83
1408,49.66,-103.43,0.005,5.01,,7.01
3128,48.86,-72.08,0.005,4.23,,6.21
2056,46.07,-61.39,0.005,3.81,,5.92
2529,45.93,-63.86,0.005,4.1,,6.6
389,53.63,-113.61,0.005,4.41,,6.09
3447,55.77,-118.83,0.005,4.34,,5.72
1778,50.3,-104.29,0.005,4.97,,6.66
8,45.97,-61.05,0.005,4.89,,5.78
2641,44.81,-65.53,0.005,3.35,,6.62
24,47.01,-53.59,0.005,3.38,,5.78
3470,52.08,-114.31,0.005,4.57,,6.15
3235,47.52,-65.29,0.005,4.23,,6.73
3788,43.85,-79.53,0.005,4.23,,6.73
1230,44.27,-66.32,0.005,4.07,,6.75
317,50.48,-122.61,0.005,3.94,,5.78
1435,45.68,-62.74,0.005,4.25,,6.41
2212,45.58,-72.16,0.005,4.24,,6.54
2456,47.5,-79.68,0.005,4.32,,6.54
2400,46,-62.52,0.005,3.96,,6.41
3135,46.4,-71.06,0.005,4.15,,6.57
1661,44.15,-77.56,0.005,4.36,,7.06
1173,43.1,-82,0.005,4.28,,6.75
126,49.89,-97.35,0.005,5,,6.63
2065,49.31,-103.26,0.005,5.03,,7.02
1928,44.2,-79.16,0.005,4.25,,6.92
1433,47.44,-79.63,0.005,4.31,,6.35
2249,46.13,-65.97,0.005,4.19,,6.62
2782,45.1,-61.72,0.005,3.77,,6.49
2422,44.24,-76.95,0.005,4.36,,6.95
1297,42.75,-81.7,0.005,4.26,,6.96
1546,53.41,-122.58,0.005,3.89,,6.04
1208,54.39,-116.8,0.005,4.32,,5.91
1436,45.04,-78.5,0.005,4.25,,6.82
1707,49.81,-94.43,0.005,4.56,,6.73
3434,45.96,-67.25,0.005,4.18,,6.74
266,47.38,-78.7,0.005,4.25,,6.49
1651,42.88,-80.11,0.005,4.2,,6.92
2622,50.11,-119.36,0.005,4.13,,6.41
1797,45.41,-73.5,0.005,4.34,,6.83
869,48.6,-71.62,0.005,4.94,,6.24
2941,50.53,-99.46,0.005,4.79,,6.97
877,54.65,-102.07,0.005,4.34,,6.31
1212,44.61,-64.05,0.005,3.95,,6.31
1655,45.83,-66.11,0.005,4.2,,6.85
3285,47.89,-73.79,0.005,4.36,,6.41
164,50.28,-62.8,0.005,3.94,,5.88
787,48.73,-123.61,0.005,3.86,,6.37
130,58.69,-118.68,0.005,4.23,,5.77
2688,46.72,-67.71,0.005,4.19,,6.53
1123,49.49,-124.34,0.005,3.79,,6.12
1342,45.34,-66.25,0.005,4.12,,6.79
2595,49.51,-82.93,0.005,4.16,,6.68
517,43.19,-80.46,0.005,4.11,,6.81
1638,51.32,-113.6,0.005,4.77,,6.34
